{"cameraMode":{"drawMode":0,"name":"Shaded","section":"Shading Mode"},"sceneLighting":true,"audioPlay":false,"sceneViewState":{"showFog":true,"showMaterialUpdate":false,"showSkybox":true,"showFlares":true,"showImageEffects":true,"showParticleSystems":true},"in2DMode":false,"pivot":{"x":5.419025421142578,"y":0.3882014751434326,"z":1.3757121562957764},"rotation":{"x":0.19858497381210328,"y":0.5867926478385925,"z":-0.1512773036956787,"w":0.7702957391738892},"size":1.207395076751709,"orthographic":false}